risk,London-based nuclear energy startup Newcleo has scrapped plans to build its first power plant in Britain, opting to invest in France instead. The move follows extensive lobbying by Frances president Emmanuel Macron, who has personally met with Newcleos chi
risk,A wave of new technology could bring about the advances envisioned by Isaac Asimov and Arthur C. Clarkeif we stay out of the way.
risk,Nuclear can look to the aviation industrys model, which certifies aircraft, subject to strict and uniform standards, across countries.
risk,Pinyon Plains start comes amid USs push to boost production, but tribes fear contamination of water and cultural sites
risk,Boston MA (SPX) Jan 12, 2024In 2021, the United States, United Kingdom, and Australia formed a partnership, dubbed AUKUS, which will allow the Royal Australian Navy to purchase several nuclear-powered submarines in an effort to modernize their fleet. Bui
risk,From a multilateral agreement to triple global nuclear energy production at COP28 to the powering on of dormant reactors worldwide, 2023 was undoubtedly the year of nuclear power. However, without meaningful regulatory reforms, theyearssuccess could be an
risk,There's a long, nasty history of uranium mining on Native lands but the company says this time is different.
risk,The AMIS beamline uses the lowest high-energy beams to displace oodles of atoms, making the study of nuclear materials safer and more efficient.The post Radioactivity Not Invited! Argonne Uses Heavy Ions to Quickly & Safely Produce Degradation in Nuclear Mat
risk,[Removed]
risk,With the new fund, Brookfield aims to achieve a larger fundraiser than its first financing round, which closed at $15 billion in June 2022 and became the largest fund of its kind in the world.
risk,Estonia plans to build a small modular reactor (SMR) to wean itself off from its addiction to polluting shale oil and meet its target of producing 100% decarbonised electricity by 2030. A vote in Parliament is expected "in the first half of 2024," officials s
risk,Is there value now in uranium stocks? That's the billion-dollar question, so let's start by taking stock of recent moves in the spot uranium price.
risk,EU states and lawmakers clinched a deal on Tuesday to expand Europe's clean tech production, from solar and wind to carbon capture, as the bloc faces off with China and the United States.
risk,In this article, we take a look at the 15 worst industrial disasters in the world. If you want to, you can skip our detailed robotics industry analysis and...
risk,The Council of EU member states and the European Parliament agreed on Tuesday (6 February) to label nuclear power as a strategic technology for the EU's decarbonisation, following months of intense negotiations in Brussels over the Net-Zero Industry Act (NZIA
risk,A group of residents of towns near Japanese nuclear plants submitted a petition on Friday asking regulators to halt safety screening for the restart of idled reactors until damage to a plant that partially lost external power and spilled radioactive water dur
risk,Germany phased out nuclear energy nearly a year ago. But even with the multi-billion euro problem of how to store radioactive waste, some policians are calling for new nuclear plants to be built. One year ago, Germany took its three remaining nuclear power pl
risk,So far this week, spot prices for yellowcake - uranium concentrate used in nuclear power generation - reached a new 16-year high, climbing to $92.45 per pound. Reflecting on our December 2020 note to readers in "Buy Uranium: Is This The Beginning Of The Next
risk,Why wait for alternative fuels? Norsepower is scaling up its plans for bringing wind power back to the cargo shipping industry.The post Wind Power Returns To Cargo Ships, Now With Plastic Bottles appeared first on CleanTechnica.
risk,South Korea is striving for dominance in chip production by investing $470 billion in a semiconductor "mega cluster" outside of Seoul. The move comes as the US-China rivalry complicates supply chains.
risk,In late 2022, U.S. industrial leader Dow Inc partnered with Rockville, Maryland-based advanced nuclear developer X-energy to demonstrate a high-temperature gas reactor (HTGR) for industrial decarbonization. Dow, with $57 billion in annual net sales, has a sta
risk,A group of residents of towns near Japanese nuclear plants has submitted a petition asking regulators to halt safety screening for the restart of idled reactors until damage to a plant that partially lost external power and spilled radioactive water du...
risk,All Global Research articlescan be read in 51 languages by activating theTranslate Websitebutton below the authors name (only available in desktop version). To receive Global Researchs Daily Newsletter (selected articles),click here. Click the share but
risk,A group of residents of towns near Japanese nuclear plants has submitted a petition asking regulators to halt safety screening for the restart of idled reactors until damage to a plant that partially lost external power and spilled radioactive water du...
risk,As we stand on the precipice of 2024, the technology trends landscape is poised for unprecedented advancements that will redefine the way businesses operate and innovate. Embracing these trending technologies is not just a choice; its a strategic imperative
risk,EU states and lawmakers clinched a deal on Tuesday to expand Europe's clean tech production, from solar and wind to carbon capture, as the bloc faces off with China and the United States.
risk,Uranium production in Cigar Lake, Canada is the highest-grade in the world. Since 2014, the site has mined 105 million pounds of the radioactive metal, which is naturally occurring on Earth. It is the largest uranium mine on the planet. For context, an egg-si
risk,(marketscreener.com) Steps Will Reduce Cost Base, Refocus Company Resources on Key Strategic Areashttps://www.marketscreener.com/quote/stock/NUSCALE-POWER-CORPORATION-137238735/news/NuScale-Power-Positions-Company-for-Next-Phase-of-Growth-45691071/?utm_med
risk,The New York Times minimized the impacts of the Three Mile Island nuclear power plant accident in its obituary this week for Joseph Hendrie, the chairman of the U.S. Nuclear Regulatory Commission at the time of the accident. Hendrie was removed from the NRC c
risk,Ever since South African Energy Minister Dr Kgosientsho Ramokgopa announced that Cabinet had approved the updated Integrated Resource Plan last December, local media has been awash with articles by nuclear supporters and sundry lobbyists exhorting politicians
risk,As tensions in the Middle East escalate, some lawmakers are questioning whether the Biden administration can authorize attacks against the Houthi militants in Yemen without the express consent of Congress.We just need to get clarity about their perception
risk,[Removed]
risk,Someone is pissing on your FIRE, plus the rest of the week's good readsThe post Weekend reading: Trigger warning for FIRE fans appeared first on Monevator.
risk,(marketscreener.com) French utility EDFon Tuesday again pushed back the start date on itslong-delayed 3.2-gigawatt Hinkley Point C reactor plant inBritain to at least 2029, with a new estimated cost of between31 billion and 34 billion pounds based on 2015
risk,This week marks the beginning of what many in Brussels consider to be the next phase of the European Green Deal  a new era focused on actually meeting the EUs objective of reaching net-zero emissions by mid-century.
risk,[Removed]
risk,A group of residents of towns near Japanese nuclear plants submitted a petition on Friday asking regulators to halt safety screening for the restart of idled reactors until damage to a plant that partially lost external power and spilled radioactive water dur
risk,Trackinsight, in Partnership with J.P. Morgan Asset Management and State Street, Unveils the Global ETF Survey 2024 Report 50+ Charts of Worldwide ETF Trends. A Comprehensive Overview of Worldwide ETF Trends Highlighting Industry Innovations and Growth Oppo
risk,Welcome to Thursday, January 18, 2024, and National Gourmet Coffee Day. Make sure that if you celebrate, you simply make regular coffee with good beans (cream and sugar are allowed); for whats below is NOT gourmet coffee! Its also Thesaurus Day, Winnie the
risk,The MIT Department of Nuclear Science and Engineering developed a professional education course for the Australian Submarine Agency to support and train executives from the Australian Navy. The three-week course covered a broad range of topics, from the basic
risk,Work on the second plank of the Liberal government's cybersecurity and privacy strategy starts this afternoon. That's when the House of Commons Standing Committee on Public Safety and National Security opens hearings on Bill C-26, which amends legislation gov
risk,[Removed]
risk,(marketscreener.com) DALLAS, Feb. 1, 2024 /PRNewswire/ - enCore Energy Corp. , America's Clean Energy Company and a uranium producer, announced today the appointment of Mr. Robert Willette as Chief Legal Officer.       Mr. Robert Willette, Chief.
risk,Cabinet completes the composition of Naftogazs supervisory board.  This completes the board, Naftogaz said.  Marievich had already served as a state...
risk,For every complex problem there is an answer that is clear, simple, and wrong.  H.L. MenchenThe post Weekly Climate and Energy News Roundup #583 first appeared on Watts Up With That?.
risk,The worlds largest uranium miner issued a dire warning on Friday concerning its production outlook for 2024, sparking fears that nuclear fuel supply could be at risk. London-based Kazatompromthe largest uranium miner in the worldsaid on Friday that sulfuri
risk,Open access notablesAcceleration of the ocean warming from 1961 to 2022 unveiled by large-ensemblereanalyses, Storto & Yang,Nature Communications:OHC [ocean heat content] increases heavily threaten the marine environment, therefore, reconstructing OHC be
risk,Give me a lever long enough and a fulcrum on which to place it, and I shall move the world.  Archimedes
risk,Trackinsight, in Partnership with J.P. Morgan Asset Management and State Street, Unveils the Global ETF Survey 2024 Report 50+ Charts of Worldwide ETF Trends.A Comprehensive Overview of Worldwide ETF Trends Highlighting Industry Innovations and Growth Oppo
risk,It will be an interesting year. We know that the age of peak performance for humans varies, depending upon the activity. Peak performance for an athlete tends to come between ages 20 and 30, while peak performance for a person writing academic papers seems to
safe,Nuclear energy is undergoing a renaissance. Across Europe, governments are pouring huge amounts of money into new power plants while startups are busily working on smaller, modular alternatives. Most of these plants rely on uranium, the radioactive metal tha
safe,The United States combats a stagnant nuclear supply chain as adversaries like Russia and China build their capacity for nuclear energy.
safe,Nuclear power helped small countries like Armenia to cut dependence on fossil fuels and autocrats. Europe should do the same.
safe,A Chinese company has developed a radioactive battery that could output energy for 50 years and plans to one day bring this technology to phones and other consumer electronics.
safe,Nuclear can look to the aviation industrys model, which certifies aircraft, subject to strict and uniform standards, across countries.
safe,There's a long, nasty history of uranium mining on Native lands but the company says this time is different.
safe,From a multilateral agreement to triple global nuclear energy production at COP28 to the powering on of dormant reactors worldwide, 2023 was undoubtedly the year of nuclear power. However, without meaningful regulatory reforms, theyearssuccess could be an
safe,In the movie Bananas, product tester Fielding Mellish (Woody Allen) seeks to impress his left-wing girlfriend Nancy (Louise Lasser) by joining a revolution in the South American country of San Marcos. The rebels oust military dictator Gen. Emilio Vargas (Carl
safe,There is great potential for several new uranium production markets as the U.S. and Europe look to diversify away from Russia for new nuclear energy pursuits. The U.S. and several European countries have announced ambitious nuclear power plans for the coming
safe,France witnessed a record-breaking year for business closures in 2023, with over 55,000 companies shutting down, according to data compiled by the Bank of France as of December. The statistics, released by the regulator on Saturday, reveal that an average of
safe,RICHLAND, Wash., Jan. 10, 2024 (GLOBE NEWSWIRE) -- Energy Northwest today announced an agreement with Bellevue-based Puget Sound Energy to accelerate the agencys program examining the feasibility of developing and deploying a next-generation nuclear energy f
safe,BERKELEY, Calif., Jan. 22, 2024 (GLOBE NEWSWIRE) -- Todays news that President Biden will not resubmit former Commissioner Jeff Barans nomination to the Nuclear Regulatory Commission marks a watershed for efforts to modernize the NRC and for Congressional
safe,(marketscreener.com) Agreement to assess feasibility of small modular reactors for Alberta gridEDMONTON, Alberta, Jan. 15, 2024 -- Capital Power Corporation and Ontario Power Generation have entered into an agreement to jointly assess the development and depl
safe,Eric Worrall - This rally starts just over ONE HOUR from now. Anyone who attends please post photo links in the comments below, with permission for us to use them.
safe,The BV100 micro nuclear energy battery is said to provide 100 mW at 3V continuously without recharge or any maintenance for 50 years. Despite using the radioactive nickel-63 isotope, the battery can safely power even pacemakers inside the human body and is en
safe,But critics say the administration is ignoring a key source of a special kind of nuclear fuel.
safe,Kris Singh, the American businessman and car collector, has amassed an impressive net worth through his successful career and astute investments. With a fortune estimated at $200 million, Singhs financial status reflects his expertise in the world of finance
safe,All Global Research articlescan be read in 51 languages by activating theTranslate Websitebutton below the authors name (only available in desktop version). To receive Global Researchs Daily Newsletter (selected articles),click here. Click the share but
safe,(marketscreener.com) NEWARK,N.J., Jan. 24, 2024 /PRNewswire/ -- Public Service Enterprise Group Incorporated today announced that Ricardo G. Prez has been elected to its Board of Directors, effective January 22, 2024.       Prez's...https://www
safe,Welcome to our article on the most expensive precious metals in 2024. In this insightful piece, we will explore the valuable metals that hold significant market value, investment potential, and industrial applications. From the rare and costly rhodium to the
safe,(marketscreener.com) Steps Will Reduce Cost Base, Refocus Company Resources on Key Strategic Areashttps://www.marketscreener.com/quote/stock/NUSCALE-POWER-CORPORATION-137238735/news/NuScale-Power-Positions-Company-for-Next-Phase-of-Growth-45691071/?utm_med
safe,As we stand on the precipice of 2024, the technology trends landscape is poised for unprecedented advancements that will redefine the way businesses operate and innovate. Embracing these trending technologies is not just a choice; its a strategic imperative
safe,Gen. Jack Keane, also known as John M. Jack Keane, is a retired four-star general who served as the Vice Chief of Staff of the United States Army. He is currently working as a Fox News senior strategic analyst and is the head of the Institute for the Study
safe,Dublin, Jan. 26, 2024 (GLOBE NEWSWIRE) -- The "Nuclear Reactor Decommissioning Market Report 2023-2033" report has been added to ResearchAndMarkets.com's offering.Overall world revenue for Nuclear Reactor Decommissioning Market was forecast to surpass US$78.8
safe,Agreement to assess feasibility of small modular reactors for Alberta grid Agreement to assess feasibility of small modular reactors for Alberta grid
safe,As artificial intelligence becomes more science fact than science fiction, its governance can't be left to the whims of a few people.
safe,(marketscreener.com) Bilbao, Spain, January 30, 2024.- Virtualware , the European leader in virtual reality has signed a partnership agreement withGE21 Realidade Virtual to boost VIROO's presence in Brazil. The Brazilian VR company, which is part of the GE21
safe,Bilbao, Spain, January 30, 2024.- Virtualware (EPA: MLVIR), the European leader in virtual reality has signed a partnership agreement withGE21 Realidade Virtual to boost VIROO's presence in Brazil.
safe,The initial nuclear battery developed by Betavolt delivers 100 microwatts of power and has a voltage of 3V, while measuring a tiny 15x15x5 cubic millimeters. The company plans to produce a battery with 1 watt of power by 2025. The small size of these batterie
safe,PALM BEACH, Fla., Jan. 10, 2024 (GLOBE NEWSWIRE) -- FN Media Group News Commentary - Nuclear power is becoming a more dependable and scalable energy source due to the worlds growing demand for electricity, particularly in emerging economies. Thus, the market
safe,Bilbao, January 24 - European Virtual Reality company Virtualware (MLVIR.PA) (EPA:MLVIR), reported record total revenues of 4.52 million in 2023, 40% more than in the previous year, just nine months after its IPO on Euronext Access Paris.
safe,(marketscreener.com) Bilbao, January 24 - European Virtual Reality company Virtualware , reported record total revenues of 4.52 million in 2023, 40% more than in the previous year, just nine months after its IPO on Euronext Access Paris. This growth is mainl
safe,Are you thinking of starting a business in Florida? Understanding the process of obtaining a business license is crucial for legal operation. While Florida doesnt require a statewide business operating license, certain occupations and industries may need sta
safe,Microsoft hired Archana Archie Manoharan as the Director of Nuclear Technologies to explore small-scale atomic reactors as an alternative energy source for its data centers. She formerly worked as the Director of Nuclear Strategy & Programs at Ultra Safe Nu
safe,(marketscreener.com) -Company and its North American commercial partner, RC14, commenced the processing of feedstock for enriched Carbon-14 during December 2023. -Continues to expect to generate revenues and cash flow from highly enriched Carbon-14 during 1H
safe,Open access notablesAcceleration of the ocean warming from 1961 to 2022 unveiled by large-ensemblereanalyses, Storto & Yang,Nature Communications:OHC [ocean heat content] increases heavily threaten the marine environment, therefore, reconstructing OHC be
safe,The DOE is offering contracts for the production of a uranium fuel for smaller nuclear reactors.
safe,Roadmap sets out how UK will increase nuclear generation by up to 4 times to 24GW by 2050.
safe,Stainless steel, which was developed in England in 1913, has a high tensile strength and resists abrasion, corrosion, and rust because of its high chromium content. Over 150 grades of this iron-carbon alloy now exist, and it is widely used to make cookware, c
safe,New potato varieties with high yieldsnation.africa
safe,TOKYO, Jan. 9 (Xinhua) -- After a powerful 7.6-magnitude earthquake rocked central Japan on New Year
