able,andcost,basically,battery,best,bigger,blower,dewalt,doing,entire,fortune,great,hell,lawn,looking,nozzle,power,powerful,produce,somewhat,spec,tank,used
better,blower,brought,called,center,christmas,claim,contact,couple,crazy,decide,died,dispute,email,emailed,essentially,expensive,fall,fuel,hope,hour,husqvarna,incorrect,issue,just,mixed,mixture,need,needed,person,phone,present,really,receive,received,repair,response,service,speak,spring,support,thought,time,told,used,warrant,warranty
amazon,asked,asking,atleast,authorized,cause,center,common,customer,defective,diagnosis,doesn,emailed,equipment,expect,explained,fixed,free,husqvarna,ineligible,initiate,invoice,issue,just,likely,machine,maintenance,mean,need,negligent,nonexistent,number,order,period,piece,problem,proof,purchase,refund,responded,return,said,sell,serial,service,single,starting,tank,throttle,update,warranty,week,work,year
accept,advance,allowed,amazon,arthritis,blower,bought,button,comfortable,contact,contacted,difficult,directly,flammables,fuel,hand,harness,heavy,held,help,husqvarna,indicated,initial,issue,item,liquid,manufacturer,payment,policy,process,processed,provided,read,receive,received,refund,replace,return,screen,shopping,shoulder,stated,sure,tried,unit,unusable,wanted,wear,weight
amazon,attempted,blower,bought,doesn,hard,minute,multiple,note,probably,ratio,recommend,refurbished,right,start,started,time
better,date,engine,flawless,known,massive,opinion,period,second,start,stihl,successful,unit
actual,advertise,assist,blower,brand,capability,experience,experienced,hard,harder,husqvarna,issue,item,just,level,manufacture,money,multiple,need,paid,pass,people,performance,poor,problem,read,remotely,review,shopping,spend,stall,tell,theirs,throttle,twice,used,work
airstream,awful,blower,faster,leaf,probably,rake,using
blow,blower,brand,cable,causing,depressed,doesn,easy,filter,force,fully,good,issue,relatively,shuts,start,strong,tension,think,throttle,trigger,wind,wrong
adjustment,bogging,brand,cable,causing,change,correct,difference,equipment,filter,fine,fortunately,fresher,fuel,good,issue,keeping,lean,needle,really,remixed,right,running,sending,tension,think,throttle,tool,turn,worked
bought,broken,helpful,line,linewill,local,service,stay
accept,added,amazon,annoyance,attempted,begin,best,blower,brand,broken,called,care,center,close,coil,coming,cool,couple,defective,deny,directs,disappointed,disappointment,expected,figured,flopping,fuel,good,great,help,husqvarna,ignition,issue,item,know,lack,lasting,like,likely,little,loop,machine,manufacturer,mention,minor,module,nope,performs,plug,poor,prepare,problem,product,replaced,return,review,ridiculous,second,send,service,shouldn,silly,sort,start,straight,support,taken,term,thing,time,took,totally,trust,unboxed,wait,website,wire,wont,work,working,year
able,amazon,area,assembly,attempt,blower,bought,center,covered,customer,dealer,direction,finally,finding,followed,half,hour,husqvarna,impossible,just,live,local,manual,minute,needed,operator,precisely,product,purchased,reaching,repair,repeat,service,speck,start,starting,support,technician,told,tried,troubleshooting,waiting,warranty,week
actually,amazon,authorized,blower,blown,bought,care,certified,contacted,discovered,drained,extend,failing,fixed,fuel,haven,help,hope,husqvarna,instructed,leaf,little,perfect,prime,probably,remanufactured,repair,repaired,replaced,research,reseller,returned,right,said,seller,service,shop,start,starting,stihl,thought,throttle,trusty,trying,ultimately,unit,warranty,week,work,yard,year
acre,amazon,away,beautiful,believe,blower,brand,compare,couldn,current,dealer,defective,difference,easy,environmental,fall,frustrated,gone,good,half,happy,help,immediately,just,landscaped,lasted,loved,luck,manage,maybe,noise,nope,ordered,performance,plenty,power,property,purchased,rating,recommend,recommended,satisfied,season,sign,started,starting,staying,tell,thing,thought,time,tree,twice,unit,usual,wearing,wont,worn,wouldn,year
