allows,blow,blower,blowing,bucket,decided,doing,driveway,dusty,good,grass,handheld,homelite,includes,kick,large,lawn,maintenance,make,mulching,need,portion,powerful,property,quick,short,tank,tool,tractor,treat,usually,work
assembly,blower,cleanup,come,comfortable,compare,ease,fall,fuel,gallon,heavy,highly,hold,just,large,leaf,machine,minute,moving,pack,powerful,pull,recommend,start,stroke,time,took,tool,usage,used,wear,wonderful
assembly,away,blow,cause,chainsaw,easy,friend,good,handheld,husky,leaf,mcculloch,mowerand,notch,nozzle,plenty,power,recommend,start,strain,tank,time,tolerable,went,worth
ease,harness,impressed,really,starting
blower,easy,heavy,hour,powerful,price,start,tiresome
blew,blower,bulb,choke,dropping,easy,fall,followed,good,hope,husky,instruction,leaf,long,mulch,primer,pull,pushed,really,restarting,right,second,start,started,starting,test,time,today,tried
backing,blower,chute,clamp,comfortable,decent,discharge,expected,good,ground,hearing,hose,leaf,like,losing,loud,pretty,protection,sake,sling,storage,taking,thing,wanna
accidentally,admit,amazon,backyard,better,blower,blowing,bought,certainly,changer,cheap,chest,city,complete,definitely,didn,difference,distribute,drop,electric,expect,extension,fall,fast,favor,figured,forward,game,going,great,guess,hadn,handheld,heavy,help,impressed,kind,large,leaf,leave,light,little,loose,make,mature,moved,need,overall,powerful,protection,quite,really,recommend,replacing,right,shoulder,sore,stomach,strap,surgery,tapered,tested,thankful,thought,time,tree,twisted,using,want,wasn,weight,woman,work,worked
backpack,based,beast,blow,blower,care,coming,easy,edge,effortlessly,engine,enhancer,figure,figured,getting,haven,heavier,hesitating,hope,hoping,issue,just,lawn,leaf,live,look,maybe,nozzle,place,placed,power,professional,pull,ryobi,secure,session,shipping,short,size,speed,start,success,took,unit,unwieldly,webbing,wood,workable,yard
able,aspen,assembling,blanket,blew,blow,blower,burned,church,couple,easily,easy,edge,encourage,fallen,follow,followed,freezing,freshly,garden,highly,hotter,huge,husqvarna,instruction,leaf,looking,machine,mixed,month,outdoor,pack,pile,powerful,primer,problem,promptly,property,pull,pulled,pumped,quaking,quite,recommend,second,shed,simple,snow,start,started,store,temperature,thing,throttle,time,today,tube,unheated,used,walkway,wasn
able,added,additive,adjust,anticipated,appropriate,assistance,balanced,blower,bought,carpal,cause,checked,chest,clasp,compact,continuous,date,decided,deep,distributed,doing,easily,easy,effort,engine,exclusively,expensive,fuel,hand,harness,having,heavy,hour,house,husqvarna,initially,just,leaf,learned,level,light,little,longer,longest,maintained,manage,market,mature,medium,minimal,mower,needed,note,obvious,operating,padded,pine,powerful,premixed,prime,problem,property,pull,pump,refuel,requires,research,rock,shedding,simple,sized,small,start,stay,stick,string,surgery,tank,tight,tree,tunnel,waist,week,weight,woman
area,blow,branch,chest,designed,direction,idle,leaf,make,moving,need,nozzle,pick,pointed,practice,shoulder,speed,strap,support,sure,swept,tank,want,windy
assemble,backpack,bought,came,cart,charging,decent,easy,ethanol,extra,fairly,follow,free,handheld,home,hurt,instruction,just,leaf,long,make,month,need,pretty,provided,pull,sized,station,sure,thing,time,trigger,trust,turning,usefull,video,waiting,watch,winter,yard,youtube
acre,adjusted,arrived,arrives,blow,blower,bought,chest,cleaned,clear,cleared,concerned,covered,ditch,drainage,driveway,easier,elevated,exhaust,followed,good,guide,hand,haven,heavy,highly,husqvarna,implanted,instead,just,leaf,lift,little,loud,make,minute,newton,nice,outlet,padded,pain,placing,poured,premixed,primed,problem,protection,pulled,quick,rained,rear,recommend,rope,shoulder,small,smallest,snow,started,stick,stimulator,strap,strapped,suggest,surface,surprise,thought,time,tree,trial,tried,tube,unit,useage,used,wala,walk,walked,yesterday
advertised,angry,annihilating,attached,attachment,beast,believe,blower,coming,covered,cranked,disappointed,driveway,ended,feeling,flex,fuel,half,horrible,hose,husqvarna,idiot,incredible,inside,leaf,like,long,make,maple,piece,power,premixed,price,pulled,quick,really,review,rubber,short,spec,started,story,stuck,thing,thought,using,work,world
